id,firstname,lastname,age
1,Emma,Johnson,21
2,Liam,Williams,23
3,Olivia,Brown,22
4,Noah,Jones,20
5,Ava,Garcia,24
6,James,Martinez,19
7,Isabella,Davis,22
8,Ethan,Rodriguez,21
9,Sophia,Martinez,23
10,William,Miller,20
11,Alexander,Hernandez,24
12,Charlotte,Smith,21
13,Mia,Jackson,23
14,Michael,Anderson,20
15,Abigail,White,22
16,Daniel,Harris,24
17,Emily,Martin,20
18,Elijah,Thompson,21
19,Elizabeth,Lopez,23
20,Sofia,Lewis,22
21,Matthew,Moore,20
22,Victoria,Clark,24
23,David,Young,21
24,Joseph,Hall,23
25,Christopher,King,22
26,Chloe,Hill,20
27,Andrew,Scott,21
28,Grace,Green,23
29,Daniel,Baker,22
30,Evelyn,Adams,20
31,Alexis,Nelson,24
32,Charlotte,Carter,21
33,Dylan,Mitchell,22
34,Scarlett,Perez,20
35,Avery,Roberts,23
36,Victoria,Turner,22
37,Isaac,Phillips,20
38,Joseph,Campbell,24
39,Chloe,Parker,21
40,Aubrey,Evans,23
41,Claire,Edwards,22
42,Elizabeth,Collins,20
43,Ella,Stewart,24
44,Madison,Sanchez,21
45,Joseph,Morris,22
46,Rachel,Rogers,20
47,Landon,Reed,24
48,Grace,Price,21
49,Leo,Cook,23
50,Anna,Morgan,20
51,Brooklyn,Bell,22
52,Eleanor,Murphy,24
53,Gabriel,Bailey,21
54,Audrey,Rivera,23
55,Cameron,Cooper,20
56,Zoe,Richardson,22
57,Hailey,Cox,24
58,Nora,Howard,21
59,Isaiah,Ward,23
60,Hannah,Flores,20
61,Layla,Gutierrez,22
62,Nathan,Johnston,24
63,Lincoln,Lopez,21
64,Nicholas,Ortiz,23
65,Grayson,Gomez,20
66,Katherine,Kelly,22
67,Angel,Wood,24
68,Audrey,Sanders,21
69,Aaron,Barnes,23
70,Vanessa,Henderson,20
71,Amelia,Coleman,22
72,Sarah,Simmons,24
73,Jackson,Patterson,21
74,Ariana,Jordan,23
75,Samantha,Reyes,20
76,Lucas,Hamilton,22
77,Ella,Gibson,24
78,Dylan,Mendoza,21
79,Brody,Wallace,23
80,Claire,Moreno,20
81,Avery,Spencer,22
82,Julian,Gardner,24
83,Maya,Stephens,21
84,Lily,Hansen,23
85,Adrian,Ferguson,20
86,Melanie,Hart,22
87,Colton,Day,24
88,Morgan,Hayes,21
89,Mackenzie,Fuller,23
90,Landon,Fitzgerald,20
91,Leah,Mills,22
92,Katelyn,Cunningham,24
93,Timothy,Ruiz,21
94,Naomi,Gilbert,23
95,Rachel,Hicks,20
96,Gavin,Bass,22
97,Nolan,Newman,24
98,Jocelyn,Mccoy,21
99,Angelica,Carr,23
100,Myles,Hodges,20